template_id,file_name,invoice_number,invoice_date,due_date,issuer_name,recipient_name,total_amount
1,Template1_Instance0.jpg,12345670,2008-03-20,2016-10-16,Address:16424 Timothy Mission,16424 Timothy Mission,734.33
1,Template1_Instance1.jpg,v-1999,1994-04-01,1999-11-25,Address:16424 Timothy Mission,"Markville, AK 58294 US.",92.46
1,Template1_Instance10.jpg,12345670,2009-03-12,1995-06-20,Address:16424 Timothy Mission,265 Ochoa Manors Apt. 518,744.38
1,Template1_Instance100.jpg,12345670,2006-09-17,2009-08-14,Address:16424 Timothy Mission,All payments to be made in cash.,967.02
1,Template1_Instance101.jpg,12345670,2017-09-06,2012-05-16,Address:16424 Timothy Mission,"Markville, AK 58294 US.",626.27
1,Template1_Instance102.jpg,12345670,2008-03-29,2020-09-25,Address:16424 Timothy Mission,07698 Jeremy Freeway Apt. 944,444.46
1,Template1_Instance103.jpg,12345670,2007-09-06,2022-02-24,Address:16424 Timothy Mission,All payments to be made in cash.,839.31
1,Template1_Instance104.jpg,12345670,2004-10-18,2014-04-12,Address:16424 Timothy Mission,98127 Hayes Burgs Apt. 011,647.37
1,Template1_Instance105.jpg,12345670,2006-09-21,2006-05-08,Address:16424 Timothy Mission,"Markville, AK 58294 US",86.14
1,Template1_Instance106.jpg,12345670,2015-03-05,2015-02-11,Address:16424 Timothy Mission,All payments to be made in cash.,452.82
1,Template1_Instance107.jpg,12345670,2013-05-11,2016-05-21,Address:16424 Timothy Mission,All payments to be made in cash.,312.12
1,Template1_Instance108.jpg,12345670,2013-05-22,2011-01-31,Culture create western stuf 1.00 $15.13,9890 Mcdonald Parks,334.06
1,Template1_Instance109.jpg,12345670,2015-01-03,1999-03-23,Address:16424 Timothy Mission,"Markville, AK 58294 US.",748.38
1,Template1_Instance11.jpg,12345670,2017-08-11,2000-05-23,Address:16424 Timothy Mission,"Markville, AK 58294 US.",291.69
1,Template1_Instance110.jpg,12345670,2019-02-10,2001-03-18,Finch indeed feating. +00 $6081,'5569 Dunn Ferry Apt. 021,872.33
1,Template1_Instance111.jpg,12345670,2009-05-22,2012-05-15,Address:16424 Timothy Mission,"Markville, AK 58294 US",641.71
1,Template1_Instance112.jpg,21-Feb-2020,2020-02-21,2019-10-05,Address:16424 Timothy Mission Bill to:Ray Davis,16424 Timothy Mission Bill to:Ray Davis,730.72
1,Template1_Instance113.jpg,12345670,1998-02-07,2016-06-22,Address:16424 Timothy Mission,2926 Mark Divide Suite 529,73.83
1,Template1_Instance114.jpg,12345670,2021-10-14,,Address:16424 Timothy Mission,"Markville, AK 58294 US.",83.40
1,Template1_Instance115.jpg,12345670,2001-08-20,1993-10-24,Address:16424 Timothy Mission,07526 Vargas Course Apt. 040,406.86
1,Template1_Instance116.jpg,12345670,2019-04-18,1997-12-06,Address:16424 Timothy Mission,"Markville, AK 58294 US.",590.93
1,Template1_Instance117.jpg,12345670,2002-04-22,2019-10-21,Address:16424 Timothy Mission,"Markville, AK 58294 US.",410.09
1,Template1_Instance118.jpg,12345670,2015-08-10,1995-12-08,Address:16424 Timothy Mission,"East Nathan, MH 20565 US",702.75
1,Template1_Instance119.jpg,12345670,2016-04-06,2004-06-14,Address:16424 Timothy Mission,756 Claire Inlet Suite 825,649.68
1,Template1_Instance12.jpg,18-Mar-2001,2001-03-18,2010-09-09,Address:16424 Timothy Mission Buyer :David Aguirre,"Markville, AK 58294 US. 917 Mcclain Streets Apt. 454",234.82
1,Template1_Instance120.jpg,12345670,2007-04-04,1994-07-13,Address:16424 Timothy Mission,4013 Costa Forges Suite 670,774.65
1,Template1_Instance121.jpg,12345670,2007-05-03,2002-04-08,Address:16424 Timothy Mission,"Markville, AK 58294 US.",323.05
1,Template1_Instance122.jpg,v-2007,2018-08-20,2007-11-17,Address:16424 Timothy Mission,'52697 Paul Brooks Suite 422,91.08
1,Template1_Instance123.jpg,12345670,2018-02-21,2013-02-07,Address:16424 Timothy Mission,"Markville, AK 58294 US",232.64
1,Template1_Instance124.jpg,12345670,2010-12-28,2019-07-28,Address:16424 Timothy Mission,"Markville, AK 58294 US.",713.48
1,Template1_Instance125.jpg,12345670,2016-07-18,2022-06-03,Address:16424 Timothy Mission,"Port Markstad, FM 42631 US.",644.88
1,Template1_Instance126.jpg,12345670,2022-09-03,2016-07-21,Address:16424 Timothy Mission,"Markville, AK 58294 US.",99.41
1,Template1_Instance127.jpg,12345670,2018-02-14,1994-04-19,Address:16424 Timothy Mission,28065 Galloway Fork Suite 909,633.76
1,Template1_Instance128.jpg,12345670,1999-10-04,2019-12-18,Address:16424 Timothy Mission,"Markville, AK 58294 US.",85.05
1,Template1_Instance129.jpg,12345670,1998-09-22,2019-12-26,Address:16424 Timothy Mission,6337 Anthony Villages Suite 643,73.99
1,Template1_Instance13.jpg,12345670,1993-02-19,1994-12-28,Address:16424 Timothy Mission,All payments to be made in cash.,284.50
1,Template1_Instance130.jpg,12345670,2005-01-16,1993-04-28,Address:16424 Timothy Mission,231 Molly Wells Apt. 221,99.29
1,Template1_Instance131.jpg,12345670,1994-02-12,2017-12-30,"Costincluding event 4.00 3573,",Address:16424 Timothy Mission,309.88
1,Template1_Instance132.jpg,12345670,2021-04-21,,Address:16424 Timothy Mission,"Robertbury, MD 41620 US",75.33
1,Template1_Instance133.jpg,12345670,2008-04-10,2017-06-03,Address:16424 Timothy Mission,"Markville, AK 58294 US.",95.97
1,Template1_Instance134.jpg,12345670,2004-06-01,2007-10-10,Address:16424 Timothy Mission,037 Jennifer Springs,995.35
1,Template1_Instance135.jpg,12345670,2001-04-10,2011-09-01,Address:16424 Timothy Mission,"Markville, AK 58294 US",302.24
1,Template1_Instance136.jpg,12345670,2015-12-26,2003-06-25,Address:16424 Timothy Mission,"Markville, AK 58294 US",173.92
1,Template1_Instance137.jpg,12345670,2017-02-23,2017-05-13,Address:16424 Timothy Mission,Alexander Hardin MD,289.80
1,Template1_Instance138.jpg,30-Dec-2020,2020-12-30,1998-08-18,Address:16424 Timothy Mission,"Markville, AK 58294 US.",79.16
1,Template1_Instance139.jpg,12345670,,2002-07-28,Address:16424 Timothy Mission,"Markville, AK 58294 US.",719.93
1,Template1_Instance14.jpg,12345670,2011-02-19,2013-12-10,Address:16424 Timothy Mission,All payments to be made in cash.,668.96
1,Template1_Instance140.jpg,12345670,2019-01-12,1997-05-17,Address:16424 Timothy Mission,"Markville, AK 58294 US",159.97
1,Template1_Instance141.jpg,12345670,1996-12-24,1994-08-26,Address:16424 Timothy Mission,"Markville, AK 58294 US.",622.53
1,Template1_Instance142.jpg,12345670,2014-07-22,1995-05-03,Address:16424 Timothy Mission,30832 Peter Corner Suite 441,902.29
1,Template1_Instance143.jpg,v-2012,2012-11-15,2004-04-26,Address:16424 Timothy Mission Buyer :Michelle Pena,All payments to be made in cash.,692.28
1,Template1_Instance144.jpg,12345670,2018-05-02,2017-12-03,Address:16424 Timothy Mission,34054 Nguyen Pine Apt. 299,173.72
1,Template1_Instance145.jpg,19-May-2002,2002-05-19,2005-09-28,Address:16424 Timothy Mission Buyer :Angela Jennings,"Markville, AK 58294 US. 19371 Adams Port Apt. 829",515.97
1,Template1_Instance146.jpg,12345670,2002-10-17,2017-01-22,Address:16424 Timothy Mission,2074 Cynthia Park Suite 463,599.75
1,Template1_Instance147.jpg,12345670,2000-07-23,2008-07-30,Email:imenezvincent@example.org,All payments to be made in cash.,981.41
1,Template1_Instance148.jpg,12345670,2009-03-26,,Address:16424 Timothy Mission,"Markville, AK 58294 US.",180.28
1,Template1_Instance149.jpg,12345670,2001-03-10,2005-01-22,Address:16424 Timothy Mission,86712 Rodriguez Crest,497.31
1,Template1_Instance15.jpg,12345670,1995-07-21,1998-05-07,Address:16424 Timothy Mission,"Markville, AK 58294 US.",835.83
1,Template1_Instance150.jpg,22-Apr-2018,2018-04-22,2012-05-23,Address:16424 Timothy Mission Buyer :Christine Nelson,All payments to be made in cash.,238.81
1,Template1_Instance151.jpg,03-Apr-2019,2019-04-03,2015-03-12,Address:16424 Timothy Mission Bill to:George Wise,16424 Timothy Mission Bill to:George Wise,480.87
1,Template1_Instance152.jpg,12345670,2018-08-02,2004-12-10,Address:16424 Timothy Mission,9025 Gilbert Expressway,190.81
1,Template1_Instance153.jpg,12345670,1994-02-08,2000-09-24,Address:16424 Timothy Mission,Christopher Bryant,369.01
1,Template1_Instance154.jpg,12345670,2009-06-15,2010-01-03,Address:16424 Timothy Mission,"Markville, AK 58294 US.",316.95
1,Template1_Instance155.jpg,25-Jul-2018,2018-07-25,2016-05-19,Address:16424 Timothy Mission Bill to:Kimberly Flores,16424 Timothy Mission Bill to:Kimberly Flores,616.94
1,Template1_Instance156.jpg,v-1993,1995-03-09,1993-11-21,Address:16424 Timothy Mission,Savannah Castaneda,810.02
1,Template1_Instance157.jpg,12345670,2004-07-01,2002-03-13,Address:16424 Timothy Mission,"Markville, AK 58294 US.",94.98
1,Template1_Instance158.jpg,12345670,1997-08-25,2014-02-04,Address:16424 Timothy Mission,70878 Brian Valley Suite 962,89.87
1,Template1_Instance159.jpg,12345670,1994-01-25,,Address:16424 Timothy Mission,Dr. Kevin Robinson,839.38
1,Template1_Instance16.jpg,12345670,2002-07-05,2022-03-20,Address:16424 Timothy Mission,"Markville, AK 58294 US.",85.98
1,Template1_Instance160.jpg,01-Dec-1993,1993-12-01,2014-08-31,Address:16424 Timothy Mission Bill to:Sarah Stewart,16424 Timothy Mission Bill to:Sarah Stewart,254.50
1,Template1_Instance161.jpg,12345670,2005-12-16,,Address:16424 Timothy Mission,"‘Smithchester, NY 06699 US",630.20
1,Template1_Instance162.jpg,12345670,2016-09-11,1995-08-19,Include increase part. 3.00 sara,05831 Jennifer Light Apt. 224,494.57
1,Template1_Instance163.jpg,12345670,2000-12-01,2006-04-25,Address:16424 Timothy Mission,"Markville, AK 58294 US.",488.97
1,Template1_Instance164.jpg,v-2022,2018-07-11,2022-11-11,Address:16424 Timothy Mission,"Markville, AK 58294 US",613.64
1,Template1_Instance165.jpg,29-Aug-2021,2021-08-29,2012-02-23,Address:16424 Timothy Mission Buyer :Michael Stewart,"Markville, AK 58294 US. 8670 Peter Ville Apt. 971",176.69
1,Template1_Instance166.jpg,12345670,1999-09-21,1999-02-03,Address:16424 Timothy Mission,"Markville, AK 58294 US",330.18
1,Template1_Instance167.jpg,v-2021,2021-11-04,2010-10-08,Address:16424 Timothy Mission,"Markville, AK 58294 US.",68.78
1,Template1_Instance168.jpg,12345670,2000-05-20,2000-07-29,Address:16424 Timothy Mission,"Markville, AK 58294 US",328.29
1,Template1_Instance169.jpg,12345670,2013-02-24,2003-04-13,Address:16424 Timothy Mission,4915 Antonio Fords Apt. 067,258.81
1,Template1_Instance17.jpg,12345670,2018-10-04,2004-02-16,Address:16424 Timothy Mission,"Markville, AK 58294 US",205.29
1,Template1_Instance170.jpg,12345670,1997-04-29,2007-12-22,Address:16424 Timothy Mission,6461 Kelly Place Suite 953,626.21
1,Template1_Instance171.jpg,v-2020,2005-05-04,2020-11-06,Address:16424 Timothy Mission Buyer :Paul Baker,All payments to be made in cash.,973.61
1,Template1_Instance172.jpg,12345670,1998-06-04,1994-05-31,Address:16424 Timothy Mission,"Markville, AK 58294 US.",750.48
1,Template1_Instance173.jpg,12345670,2004-05-13,2022-06-16,Address:16424 Timothy Mission,All payments to be made in cash.,620.64
1,Template1_Instance174.jpg,12345670,1997-04-03,2021-04-25,Address:16424 Timothy Mission,883 Paula Ford Suite 365,21.25
1,Template1_Instance175.jpg,12345670,2016-09-10,,Address:16424 Timothy Mission,"Halltown, OR 08608 US",694.09
1,Template1_Instance176.jpg,12345670,2000-04-05,2016-07-17,Address:16424 Timothy Mission,"Markville, AK 58294 US.",522.11
1,Template1_Instance177.jpg,12345670,2009-04-16,2009-07-14,Address:16424 Timothy Mission,"Loweport, WA 06025 US",535.57
1,Template1_Instance178.jpg,12345670,2004-05-25,2015-06-22,Address:16424 Timothy Mission,99122 Shannon Lock Apt. 775,832.89
1,Template1_Instance179.jpg,15-Apr-1993,1993-04-15,2004-07-29,Address:16424 Timothy Mission Buyer :Victor Schmidt,All payments to be made in cash.,676.89
1,Template1_Instance18.jpg,12345670,2013-09-10,1994-04-06,Address:16424 Timothy Mission,"Markville, AK 58294 US.",96.85
1,Template1_Instance180.jpg,12345670,1996-09-07,1997-03-10,Address:16424 Timothy Mission,2080 Bullock Manor,603.15
1,Template1_Instance181.jpg,12345670,1997-01-11,,Address:16424 Timothy Mission,All payments to be made in cash.,387.02
1,Template1_Instance182.jpg,v-1997,2007-02-21,1997-11-03,Address:16424 Timothy Mission,"Markville, AK 58294 US.",162.12
1,Template1_Instance183.jpg,12345670,2008-05-09,2007-08-01,Address:16424 Timothy Mission,All payments to be made in cash.,86.83
1,Template1_Instance184.jpg,12345670,2021-04-14,2001-04-09,Address:16424 Timothy Mission,767 Vasquez Course Apt. 921,228.17
1,Template1_Instance185.jpg,v-2009,2009-11-19,2021-07-30,Address:16424 Timothy Mission,94330 Gomez Pine Apt. 688,731.32
1,Template1_Instance186.jpg,12345670,2008-05-14,2017-06-11,Address:16424 Timothy Mission,"Markville, AK 58294 US",407.92
1,Template1_Instance187.jpg,v-1996,2002-05-10,1996-11-23,Address:16424 Timothy Mission Bill to:Debra Wilson,16424 Timothy Mission Bill to:Debra Wilson,660.76
1,Template1_Instance188.jpg,v-2017,2005-08-11,2017-11-07,Address:16424 Timothy Mission,"Markville, AK 58294 US.",254.59
1,Template1_Instance189.jpg,12345670,2012-04-29,2010-08-07,Address:16424 Timothy Mission,02547 Ramos Bypass Suite 849,134.41
1,Template1_Instance19.jpg,12345670,2019-06-13,2022-05-22,Address:16424 Timothy Mission,"Markville, AK 58294 US",153.53
1,Template1_Instance190.jpg,12345670,2011-04-11,1998-12-17,Address:16424 Timothy Mission,"Markville, AK 58294 US.",826.48
1,Template1_Instance191.jpg,v-2020,2020-11-10,2013-12-12,Address:16424 Timothy Mission,"Markville, AK 58294 US.",851.11
1,Template1_Instance192.jpg,12345670,1997-01-19,2019-09-14,Address:16424 Timothy Mission,All payments to be made in cash.,408.91
1,Template1_Instance193.jpg,12345670,1998-12-14,2014-07-29,Address:16424 Timothy Mission,"Markville, AK 58294 US.",704.36
1,Template1_Instance194.jpg,v-1996,1999-01-18,1996-11-06,Address:16424 Timothy Mission,748 Oconnor Gardens,613.25
1,Template1_Instance195.jpg,12345670,2009-05-16,2019-05-04,‘Occur inciuding 2.00 S7198,290 James Course Suite 206,868.42
1,Template1_Instance196.jpg,12345670,2016-08-19,2008-05-16,Address:16424 Timothy Mission,"Markville, AK 58294 US.",368.73
1,Template1_Instance197.jpg,12345670,2021-07-29,2014-12-21,Address:16424 Timothy Mission,"Deniseborough, PA 66674 US",493.97
1,Template1_Instance198.jpg,12345670,2019-01-22,1993-06-12,Address:16424 Timothy Mission,65111 Debra Prairie,684.84
1,Template1_Instance199.jpg,12345670,2004-05-15,1998-09-25,Address:16424 Timothy Mission,"Markville, AK 58294 US.",69.33
1,Template1_Instance2.jpg,12345670,2016-12-13,2001-07-19,Address:16424 Timothy Mission,"Markville, AK 58294 US",107.48
1,Template1_Instance20.jpg,12345670,2018-04-17,2017-06-17,Address:16424 Timothy Mission,"Markville, AK 58294 US.",79.47
1,Template1_Instance21.jpg,12345670,2016-03-11,2009-03-11,Address:16424 Timothy Mission,All payments to be made in cash.,728.05
1,Template1_Instance22.jpg,v-1999,1999-11-14,2018-12-07,Address:16424 Timothy Mission,"Markville, AK 58294 US.",931.09
1,Template1_Instance23.jpg,v-2001,1997-02-03,2001-11-22,Address:16424 Timothy Mission,"Markville, AK 58294 US.",921.80
1,Template1_Instance24.jpg,12345670,1999-05-31,2000-07-31,Address:16424 Timothy Mission,"Markville, AK 58294 US.",749.16
1,Template1_Instance25.jpg,12345670,2011-10-14,2018-04-19,Address:16424 Timothy Mission,All payments to be made in cash.,98.26
1,Template1_Instance26.jpg,28-Jun-1999,1999-06-28,1998-05-16,Address:16424 Timothy Mission Bill to:Marcia Hayes,16424 Timothy Mission Bill to:Marcia Hayes,353.64
1,Template1_Instance27.jpg,12345670,2012-04-18,2008-01-17,Address:16424 Timothy Mission,"Markville, AK 58294 US.",540.78
1,Template1_Instance28.jpg,v-2004,2004-11-01,2011-02-19,Address:16424 Timothy Mission,"Markville, AK 58294 US.",284.39
1,Template1_Instance29.jpg,12345670,1997-05-14,2013-03-28,Address:16424 Timothy Mission,"Markville, AK 58294 US.",494.84
1,Template1_Instance3.jpg,12345670,2018-01-21,,Address:16424 Timothy Mission,816 Tran Plaza Apt. 249,29.33
1,Template1_Instance30.jpg,12345670,1997-06-05,1996-06-10,Address:16424 Timothy Mission,"Markville, AK 58294 US.",70.15
1,Template1_Instance31.jpg,12345670,2009-10-01,2018-12-11,Address:16424 Timothy Mission,6162 Hughes Lights Suite 599,98.41
1,Template1_Instance32.jpg,12345670,2005-03-21,2022-01-16,Address:16424 Timothy Mission,"‘Sherryhaven, KY 62154 US",391.86
1,Template1_Instance33.jpg,12345670,2014-06-28,1994-05-31,Address:16424 Timothy Mission,"Markville, AK 58294 US.",301.38
1,Template1_Instance34.jpg,v-2010,2010-11-19,1996-10-04,Address:16424 Timothy Mission,All payments to be made in cash.,535.80
1,Template1_Instance35.jpg,12345670,2017-04-13,1998-03-08,Address:16424 Timothy Mission,"Taylorstad, FM 93506 US",935.35
1,Template1_Instance36.jpg,12345670,2013-07-01,2007-01-12,Address:16424 Timothy Mission,(025 Moore Oval Suite 129,635.70
1,Template1_Instance37.jpg,v-1994,1994-11-07,2015-02-23,Address:16424 Timothy Mission Bill to:Katie Harris,16424 Timothy Mission Bill to:Katie Harris,100.16
1,Template1_Instance38.jpg,v-2011,1999-06-09,2011-11-02,Address:16424 Timothy Mission,All payments to be made in cash.,39.99
1,Template1_Instance39.jpg,v-2012,2022-05-18,2012-11-12,‘Address:16424 Timothy Mission Buyer :Judith Ballard,"Markville, AK 58294 US 464 Padilla Walk Suite 135",316.48
1,Template1_Instance4.jpg,12345670,2017-10-27,2016-02-01,Address:16424 Timothy Mission,"Markville, AK 58294 US.",384.59
1,Template1_Instance40.jpg,12345670,2008-02-29,,Address:16424 Timothy Mission,"Markville, AK 58294 US.",767.53
1,Template1_Instance41.jpg,12345670,2005-01-30,2000-03-09,Address:16424 Timothy Mission,"Markville, AK 58294 US.",624.70
1,Template1_Instance42.jpg,12345670,2004-12-31,,Address:16424 Timothy Mission,"Markville, AK 58294 US.",891.06
1,Template1_Instance43.jpg,12345670,2021-03-17,1997-05-17,Address:16424 Timothy Mission,"Markville, AK 58294 US.",89.78
1,Template1_Instance44.jpg,12345670,2014-08-07,2003-09-30,Address:16424 Timothy Mission,"Markville, AK 58294 US",314.79
1,Template1_Instance45.jpg,12-Dec-2019,2019-12-12,1995-12-04,Address:16424 Timothy Mission Buyer :Barbara Kirk,eight point seven six,258.76
1,Template1_Instance46.jpg,12345670,2001-06-13,2008-08-31,Address:16424 Timothy Mission,All payments to be made in cash.,98.63
1,Template1_Instance47.jpg,12345670,2010-10-14,2003-08-11,Address:16424 Timothy Mission,"Markville, AK 58294 US",538.66
1,Template1_Instance48.jpg,v-2020,2015-08-02,2020-11-18,Address:16424 Timothy Mission,"Markville, AK 58294 US.",857.43
1,Template1_Instance49.jpg,12345670,2005-03-26,1998-04-06,Address:16424 Timothy Mission,3358 Martinez Cove Apt. 741,669.07
1,Template1_Instance5.jpg,23-Oct-2012,2012-10-23,,Address:16424 Timothy Mission Buyer :Christopher Marshall,All payments to be made in cash.,608.33
1,Template1_Instance50.jpg,12345670,2006-06-10,2002-04-29,Address:16424 Timothy Mission,32527 Johnson Streets,95.42
1,Template1_Instance51.jpg,12345670,2004-10-21,2020-10-16,Address:16424 Timothy Mission,Christopher Jordan,434.25
1,Template1_Instance52.jpg,04-Jan-2010,2010-01-04,2001-12-10,Address:16424 Timothy Mission Buyer :Michael Smith,"Markville, AK 58294 US. 4430 Angie Knoll",358.57
1,Template1_Instance53.jpg,v-2017,2011-08-16,2017-11-27,Address:16424 Timothy Mission,"Port Amber, NE 21875 US",778.99
1,Template1_Instance54.jpg,v-2014,2004-05-20,2014-11-26,Address:16424 Timothy Mission,All payments to be made in cash.,324.84
1,Template1_Instance55.jpg,10-Aug-2017,2017-08-10,2002-09-23,‘Address:16424 Timothy Mission Buyer :Danielle Martin,All payments to be made in cash.,104.38
1,Template1_Instance56.jpg,v-2020,2020-11-15,1994-07-12,Address:16424 Timothy Mission,8030 Elizabeth Haven,468.28
1,Template1_Instance57.jpg,12345670,1995-05-18,2012-07-03,Address:16424 Timothy Mission,"Wilsonmouth, NE 24227 US",443.30
1,Template1_Instance58.jpg,14-Dec-2008,2008-12-14,2004-07-24,Address:16424 Timothy Mission,All payments to be made in cash.,294.90
1,Template1_Instance59.jpg,12345670,2014-01-01,2022-02-07,Address:16424 Timothy Mission,1772 Larsen Canyon Suite 114,767.95
1,Template1_Instance6.jpg,v-2007,2014-06-08,2007-11-29,Address:16424 Timothy Mission,"Markville, AK 58294 US.",610.54
1,Template1_Instance60.jpg,12345670,2006-01-03,1997-08-12,Address:16424 Timothy Mission,"Paulfurt, OK 28698 US",431.11
1,Template1_Instance61.jpg,12345670,2021-09-25,1997-05-16,Address:16424 Timothy Mission,'5600 Mackenzie Way Apt. 489,606.06
1,Template1_Instance62.jpg,12345670,2017-12-15,2011-08-23,Address:16424 Timothy Mission,"Port Catherineton, VA 77444 US",767.53
1,Template1_Instance63.jpg,12345670,2001-05-06,2008-03-15,Address:16424 Timothy Mission,Elizabeth Goodwin DVM.,343.20
1,Template1_Instance64.jpg,12345670,2010-09-10,,Address:16424 Timothy Mission,"Markville, AK 58294 US.",95.39
1,Template1_Instance65.jpg,12345670,2015-04-14,2010-06-22,Address:16424 Timothy Mission,602 Chavez Expressway,932.51
1,Template1_Instance66.jpg,12345670,2020-03-15,2008-06-26,Address:16424 Timothy Mission,"Markville, AK 58294 US",418.78
1,Template1_Instance67.jpg,v-2007,2007-11-26,1994-06-25,Address:16424 Timothy Mission,408 Williams Creek Apt. 492,368.30
1,Template1_Instance68.jpg,12345670,2002-08-02,2006-05-13,Address:16424 Timothy Mission,5215 May Circle Apt. 142,644.20
1,Template1_Instance69.jpg,12345670,2012-06-06,2012-06-06,Address:16424 Timothy Mission,"Markville, AK 58294 US.",418.61
1,Template1_Instance7.jpg,v-2018,2018-11-09,1995-01-31,Address:16424 Timothy Mission,"Markville, AK 58294 US.",69.85
1,Template1_Instance70.jpg,12345670,2014-10-02,2022-10-03,Address:16424 Timothy Mission,"Markville, AK 58294 US",491.07
1,Template1_Instance71.jpg,12345670,2003-01-25,2017-03-23,Address:16424 Timothy Mission,"North Nicholasburgh, MD 47483 US",354.55
1,Template1_Instance72.jpg,12345670,1997-12-27,2016-12-29,Address:16424 Timothy Mission,"Markville, AK 58294 US",413.55
1,Template1_Instance73.jpg,12345670,2018-07-07,,Address:16424 Timothy Mission,3407 Johnson Rapid,889.00
1,Template1_Instance74.jpg,12345670,2006-02-23,2008-03-20,Address:16424 Timothy Mission,"Markville, AK 58294 US.",65.27
1,Template1_Instance75.jpg,12345670,2011-08-15,2008-04-01,Address:16424 Timothy Mission,"Markville, AK 58294 US.",437.00
1,Template1_Instance76.jpg,v-2021,2011-12-02,,Address:16424 Timothy Mission,"‘South Christophertown, OK 09761 US",403.03
1,Template1_Instance77.jpg,v-2005,2008-08-07,2005-11-03,"Erinchester, SD 30741 US",274 Christine Ways,310.52
1,Template1_Instance78.jpg,12345670,2011-08-31,2010-12-09,Address:16424 Timothy Mission,"Markville, AK 58294 US.",94.46
1,Template1_Instance79.jpg,12345670,2021-05-09,2012-01-19,Address:16424 Timothy Mission,16423 Skinner Brooks,70.26
1,Template1_Instance8.jpg,12345670,1998-12-22,2007-04-16,Address:16424 Timothy Mission,"Markville, AK 58294 US.",81.47
1,Template1_Instance80.jpg,12345670,2011-01-23,1997-04-06,Address:16424 Timothy Mission,"Markville, AK 58294 US.",98.98
1,Template1_Instance81.jpg,12345670,1997-12-31,1998-10-16,Address:16424 Timothy Mission,"Wagnerport, OR 78992 US.",754.12
1,Template1_Instance82.jpg,12345670,2016-06-03,2006-06-09,Address:16424 Timothy Mission,1140 Michael Lane Suite 878,470.42
1,Template1_Instance83.jpg,21-Apr-2015,2015-04-21,2000-04-29,‘Address:16424 Timothy Mission Buyer ‘Todd Larson,"Markville, AK 58294 US 955 Daniel Summit Suite 401",298.82
1,Template1_Instance84.jpg,12345670,2018-06-01,2001-07-13,Trmpact include white 6.00 $45.47,All payments to be made in cash.,83.00
1,Template1_Instance85.jpg,25-Oct-2022,2022-10-25,2001-08-15,Address:16424 Timothy Mission Bill to:Cameron Carey,16424 Timothy Mission Bill to:Cameron Carey,442.41
1,Template1_Instance86.jpg,12345670,2010-04-23,1993-08-14,Address:16424 Timothy Mission,"Markville, AK 58294 US.",448.62
1,Template1_Instance87.jpg,12345670,2018-04-09,1998-12-02,Address:16424 Timothy Mission,"Markville, AK 58294 US.",535.46
1,Template1_Instance88.jpg,12345670,2019-10-21,,Address:16424 Timothy Mission,"Port Anthony, ME 04796 US",843.87
1,Template1_Instance89.jpg,12345670,1993-05-12,2008-06-21,Address:16424 Timothy Mission,All payments to be made in cash.,291.44
1,Template1_Instance9.jpg,12345670,2009-04-28,2005-10-16,Address:16424 Timothy Mission,866 Thomas Ways Suite 262,445.25
1,Template1_Instance90.jpg,12345670,2000-04-12,1998-03-05,Address:16424 Timothy Mission,"Markville, AK 58294 US.",873.58
1,Template1_Instance91.jpg,v-2006,2019-05-21,2006-11-24,Address:16424 Timothy Mission,"Markville, AK 58294 US.",65.53
1,Template1_Instance92.jpg,12345670,2019-08-13,1995-09-01,Address:16424 Timothy Mission,"Markville, AK 58294 US",277.91
1,Template1_Instance93.jpg,12345670,1993-08-16,2010-06-20,Address:16424 Timothy Mission,"Markville, AK 58294 US",566.61
1,Template1_Instance94.jpg,12345670,2011-06-21,2010-06-30,Address:16424 Timothy Mission,All payments to be made in cash.,380.45
1,Template1_Instance95.jpg,08-Aug-2009,2009-08-08,2005-02-10,Address:16424 Timothy Mission Bill to:Patricia Bartlett,16424 Timothy Mission Bill to:Patricia Bartlett,221.61
1,Template1_Instance96.jpg,12345670,2004-03-20,2014-10-30,Address:16424 Timothy Mission,"Markville, AK 58294 US.",266.95
1,Template1_Instance97.jpg,12345670,2001-10-21,2006-07-15,Address:16424 Timothy Mission,"Guerreromouth, MH 59656 US",819.74
1,Template1_Instance98.jpg,12345670,2005-02-27,,Address:16424 Timothy Mission,"Markville, AK 58294 US.",666.38
1,Template1_Instance99.jpg,12345670,2002-12-03,2000-12-06,Address:16424 Timothy Mission,069 Williams Forest Apt. 729,654.51
